bloque;indicador;ambito;valor;unidad;anio;fuente;url;nota
A. Territorio y población;Población censada;Provincia Cutervo;121976;personas;2025;"INEI – Censos Nacionales 2025 (tabulados oficiales; base P8 censo2025.db)";https://censos2025.inei.gob.pe/resultados/descarga-de-datos/cuadros-estadisticos/tabulados/tabulados-poblacion;INDDEM01
A. Territorio y población;Población total (censada + omitida);Provincia Cutervo;126940.0;personas;2025;"INEI – Censos Nacionales 2025 (tabulados oficiales; base P8 censo2025.db)";https://censos2025.inei.gob.pe/resultados/descarga-de-datos/cuadros-estadisticos/tabulados/tabulados-poblacion;INDDEM06
A. Territorio y población;Mujeres;Provincia Cutervo;62189;personas;2025;"INEI – Censos Nacionales 2025 (tabulados oficiales; base P8 censo2025.db)";https://censos2025.inei.gob.pe/resultados/descarga-de-datos/cuadros-estadisticos/tabulados/tabulados-poblacion;51.0 % de la población
A. Territorio y población;Población rural;Provincia Cutervo;94394;personas;2025;"INEI – Censos Nacionales 2025 (tabulados oficiales; base P8 censo2025.db)";https://censos2025.inei.gob.pe/resultados/descarga-de-datos/cuadros-estadisticos/tabulados/tabulados-poblacion;77.4 % rural (Cajamarca 60.7 %)
A. Territorio y población;Población urbana;Provincia Cutervo;27582;personas;2025;"INEI – Censos Nacionales 2025 (tabulados oficiales; base P8 censo2025.db)";https://censos2025.inei.gob.pe/resultados/descarga-de-datos/cuadros-estadisticos/tabulados/tabulados-poblacion;22.6 %
A. Territorio y población;Distritos 100 % rurales según el censo;Provincia Cutervo;13;de 15 distritos;2025;"INEI – Censos Nacionales 2025 (tabulados oficiales; base P8 censo2025.db)";https://censos2025.inei.gob.pe/resultados/descarga-de-datos/cuadros-estadisticos/tabulados/tabulados-poblacion;solo Cutervo y Sócota tienen población urbana
A. Territorio y población;Población censada 2017;Provincia Cutervo;120723;personas;2017;INEI – Nota de prensa N° 194-2018 (Censos 2017, dpto. Cajamarca);https://www.inei.gob.pe/media/MenuRecursivo/noticias/nota-de-prensa-no-194-2018-inei.pdf;variación 2017→2025: +1.0 % (estancada)
A. Territorio y población;Puesto por población entre las 13 provincias de Cajamarca;Provincia Cutervo;5;puesto;2025;"INEI – Censos Nacionales 2025 (tabulados oficiales; base P8 censo2025.db)";https://censos2025.inei.gob.pe/resultados/descarga-de-datos/cuadros-estadisticos/tabulados/tabulados-poblacion;tras Cajamarca, Jaén, Chota y San Ignacio
A. Territorio y población;Población censada – distrito Cutervo;Distrito Cutervo;52791;personas;2025;"INEI – Censos Nacionales 2025 (tabulados oficiales; base P8 censo2025.db)";https://censos2025.inei.gob.pe/resultados/descarga-de-datos/cuadros-estadisticos/tabulados/tabulados-poblacion;"43.3 % de la provincia; rural 53 %"
A. Territorio y población;Población censada – distrito Querocotillo;Distrito Querocotillo;12633;personas;2025;"INEI – Censos Nacionales 2025 (tabulados oficiales; base P8 censo2025.db)";https://censos2025.inei.gob.pe/resultados/descarga-de-datos/cuadros-estadisticos/tabulados/tabulados-poblacion;"10.4 % de la provincia; rural 100 %"
A. Territorio y población;Población censada – distrito Callayuc;Distrito Callayuc;9540;personas;2025;"INEI – Censos Nacionales 2025 (tabulados oficiales; base P8 censo2025.db)";https://censos2025.inei.gob.pe/resultados/descarga-de-datos/cuadros-estadisticos/tabulados/tabulados-poblacion;"7.8 % de la provincia; rural 100 %"
A. Territorio y población;Población censada – distrito Socota;Distrito Socota;8716;personas;2025;"INEI – Censos Nacionales 2025 (tabulados oficiales; base P8 censo2025.db)";https://censos2025.inei.gob.pe/resultados/descarga-de-datos/cuadros-estadisticos/tabulados/tabulados-poblacion;"7.1 % de la provincia; rural 69 %"
A. Territorio y población;Población censada – distrito Santo Tomás;Distrito Santo Tomás;7280;personas;2025;"INEI – Censos Nacionales 2025 (tabulados oficiales; base P8 censo2025.db)";https://censos2025.inei.gob.pe/resultados/descarga-de-datos/cuadros-estadisticos/tabulados/tabulados-poblacion;"6.0 % de la provincia; rural 100 %"
A. Territorio y población;Población censada – distrito Pimpingos;Distrito Pimpingos;5282;personas;2025;"INEI – Censos Nacionales 2025 (tabulados oficiales; base P8 censo2025.db)";https://censos2025.inei.gob.pe/resultados/descarga-de-datos/cuadros-estadisticos/tabulados/tabulados-poblacion;"4.3 % de la provincia; rural 100 %"
A. Territorio y población;Población censada – distrito Santo Domingo De La Capilla;Distrito Santo Domingo De La Capilla;4504;personas;2025;"INEI – Censos Nacionales 2025 (tabulados oficiales; base P8 censo2025.db)";https://censos2025.inei.gob.pe/resultados/descarga-de-datos/cuadros-estadisticos/tabulados/tabulados-poblacion;"3.7 % de la provincia; rural 100 %"
A. Territorio y población;Población censada – distrito San Andrés De Cutervo;Distrito San Andrés De Cutervo;3980;personas;2025;"INEI – Censos Nacionales 2025 (tabulados oficiales; base P8 censo2025.db)";https://censos2025.inei.gob.pe/resultados/descarga-de-datos/cuadros-estadisticos/tabulados/tabulados-poblacion;"3.3 % de la provincia; rural 100 %"
A. Territorio y población;Población censada – distrito La Ramada;Distrito La Ramada;3343;personas;2025;"INEI – Censos Nacionales 2025 (tabulados oficiales; base P8 censo2025.db)";https://censos2025.inei.gob.pe/resultados/descarga-de-datos/cuadros-estadisticos/tabulados/tabulados-poblacion;"2.7 % de la provincia; rural 100 %"
A. Territorio y población;Población censada – distrito Choros;Distrito Choros;3087;personas;2025;"INEI – Censos Nacionales 2025 (tabulados oficiales; base P8 censo2025.db)";https://censos2025.inei.gob.pe/resultados/descarga-de-datos/cuadros-estadisticos/tabulados/tabulados-poblacion;"2.5 % de la provincia; rural 100 %"
A. Territorio y población;Población censada – distrito Santa Cruz;Distrito Santa Cruz;2649;personas;2025;"INEI – Censos Nacionales 2025 (tabulados oficiales; base P8 censo2025.db)";https://censos2025.inei.gob.pe/resultados/descarga-de-datos/cuadros-estadisticos/tabulados/tabulados-poblacion;"2.2 % de la provincia; rural 100 %"
A. Territorio y población;Población censada – distrito San Luis De Lucma;Distrito San Luis De Lucma;2630;personas;2025;"INEI – Censos Nacionales 2025 (tabulados oficiales; base P8 censo2025.db)";https://censos2025.inei.gob.pe/resultados/descarga-de-datos/cuadros-estadisticos/tabulados/tabulados-poblacion;"2.2 % de la provincia; rural 100 %"
A. Territorio y población;Población censada – distrito Cujillo;Distrito Cujillo;2249;personas;2025;"INEI – Censos Nacionales 2025 (tabulados oficiales; base P8 censo2025.db)";https://censos2025.inei.gob.pe/resultados/descarga-de-datos/cuadros-estadisticos/tabulados/tabulados-poblacion;"1.8 % de la provincia; rural 100 %"
A. Territorio y población;Población censada – distrito San Juan De Cutervo;Distrito San Juan De Cutervo;2096;personas;2025;"INEI – Censos Nacionales 2025 (tabulados oficiales; base P8 censo2025.db)";https://censos2025.inei.gob.pe/resultados/descarga-de-datos/cuadros-estadisticos/tabulados/tabulados-poblacion;"1.7 % de la provincia; rural 100 %"
A. Territorio y población;Población censada – distrito Toribio Casanova;Distrito Toribio Casanova;1196;personas;2025;"INEI – Censos Nacionales 2025 (tabulados oficiales; base P8 censo2025.db)";https://censos2025.inei.gob.pe/resultados/descarga-de-datos/cuadros-estadisticos/tabulados/tabulados-poblacion;"1.0 % de la provincia; rural 100 %"
A. Territorio y población;Población en edad de trabajar (14+);Provincia Cutervo;94886.0;personas;2025;"INEI – Censos Nacionales 2025 (tabulados oficiales; base P8 censo2025.db)";https://censos2025.inei.gob.pe/resultados/descarga-de-datos/cuadros-estadisticos/tabulados/tabulados-poblacion;PET1
A. Territorio y población;Jóvenes 14–24 años en la PET;Provincia Cutervo;20017.0;personas;2025;"INEI – Censos Nacionales 2025 (tabulados oficiales; base P8 censo2025.db)";https://censos2025.inei.gob.pe/resultados/descarga-de-datos/cuadros-estadisticos/tabulados/tabulados-poblacion;21.1 % de la PET
A. Territorio y población;Adultos mayores 60+ en la PET;Provincia Cutervo;20566.0;personas;2025;"INEI – Censos Nacionales 2025 (tabulados oficiales; base P8 censo2025.db)";https://censos2025.inei.gob.pe/resultados/descarga-de-datos/cuadros-estadisticos/tabulados/tabulados-poblacion;21.7 % de la PET
A. Territorio y población;Viviendas particulares (total);Provincia Cutervo;59949.0;viviendas;2025;"INEI – Censos Nacionales 2025 (tabulados oficiales; base P8 censo2025.db)";https://censos2025.inei.gob.pe/resultados/descarga-de-datos/cuadros-estadisticos/tabulados/tabulados-vivienda;VIV1
A. Territorio y población;Viviendas con personas presentes;Provincia Cutervo;44714.0;viviendas;2025;"INEI – Censos Nacionales 2025 (tabulados oficiales; base P8 censo2025.db)";https://censos2025.inei.gob.pe/resultados/descarga-de-datos/cuadros-estadisticos/tabulados/tabulados-vivienda;
A. Territorio y población;Viviendas cerradas o abandonadas;Provincia Cutervo;5117.0;viviendas;2025;"INEI – Censos Nacionales 2025 (tabulados oficiales; base P8 censo2025.db)";https://censos2025.inei.gob.pe/resultados/descarga-de-datos/cuadros-estadisticos/tabulados/tabulados-vivienda;"8.5 % del parque; señal de migración"
A. Territorio y población;Viviendas de uso ocasional o transitorio;Provincia Cutervo;8009.0;viviendas;2025;"INEI – Censos Nacionales 2025 (tabulados oficiales; base P8 censo2025.db)";https://censos2025.inei.gob.pe/resultados/descarga-de-datos/cuadros-estadisticos/tabulados/tabulados-vivienda;
A. Territorio y población;Población con DNI;Provincia Cutervo;99.8;%;2025;"INEI – Censos Nacionales 2025 (tabulados oficiales; base P8 censo2025.db)";https://censos2025.inei.gob.pe/resultados/descarga-de-datos/cuadros-estadisticos/tabulados/tabulados-poblacion;81 personas sin documento alguno
D. Educación;Analfabetismo (14 años y más);Provincia Cutervo;15.5;%;2025;"INEI – Censos Nacionales 2025 (tabulados oficiales; base P8 censo2025.db)";https://censos2025.inei.gob.pe/resultados/descarga-de-datos/cuadros-estadisticos/tabulados/tabulados-poblacion;"14743 personas; Cajamarca 12.6 %; Perú 5.1 % (cuadro PET6)"
D. Educación;Analfabetismo (14+) – Cajamarca;Dpto. Cajamarca;12.6;%;2025;"INEI – Censos Nacionales 2025 (tabulados oficiales; base P8 censo2025.db)";https://censos2025.inei.gob.pe/resultados/descarga-de-datos/cuadros-estadisticos/tabulados/tabulados-poblacion;PET6
D. Educación;Analfabetismo (14+) – Perú;Perú;5.1;%;2025;"INEI – Censos Nacionales 2025 (tabulados oficiales; base P8 censo2025.db)";https://censos2025.inei.gob.pe/resultados/descarga-de-datos/cuadros-estadisticos/tabulados/tabulados-poblacion;PET6
D. Educación;Población 3+ sin nivel educativo;Provincia Cutervo;10.8;%;2025;"INEI – Censos Nacionales 2025 (tabulados oficiales; base P8 censo2025.db)";https://censos2025.inei.gob.pe/resultados/descarga-de-datos/cuadros-estadisticos/tabulados/tabulados-poblacion;12620 personas (EDUC1)
D. Educación;Población 3+ con solo primaria;Provincia Cutervo;42.1;%;2025;"INEI – Censos Nacionales 2025 (tabulados oficiales; base P8 censo2025.db)";https://censos2025.inei.gob.pe/resultados/descarga-de-datos/cuadros-estadisticos/tabulados/tabulados-poblacion;EDUC1
D. Educación;Población 3+ con educación superior (completa o incompleta, incl. posgrado);Provincia Cutervo;12.2;%;2025;"INEI – Censos Nacionales 2025 (tabulados oficiales; base P8 censo2025.db)";https://censos2025.inei.gob.pe/resultados/descarga-de-datos/cuadros-estadisticos/tabulados/tabulados-poblacion;"14276 personas; Cajamarca 17.4 %"
D. Educación;Población 3+ que asiste a una institución educativa;Provincia Cutervo;29.3;%;2025;"INEI – Censos Nacionales 2025 (tabulados oficiales; base P8 censo2025.db)";https://censos2025.inei.gob.pe/resultados/descarga-de-datos/cuadros-estadisticos/tabulados/tabulados-poblacion;EDUC6
C. Servicios básicos y conectividad;Población 14+ que usó internet en los últimos 3 meses;Provincia Cutervo;57.9;%;2025;"INEI – Censos Nacionales 2025 (tabulados oficiales; base P8 censo2025.db)";https://censos2025.inei.gob.pe/resultados/descarga-de-datos/cuadros-estadisticos/tabulados/tabulados-poblacion;"Cajamarca 62.9 %; Perú 80.2 % (PET7)"
C. Servicios básicos y conectividad;Población 14+ sin ningún dispositivo ni internet (últimos 3 meses);Provincia Cutervo;37.5;%;2025;"INEI – Censos Nacionales 2025 (tabulados oficiales; base P8 censo2025.db)";https://censos2025.inei.gob.pe/resultados/descarga-de-datos/cuadros-estadisticos/tabulados/tabulados-poblacion;"35544 personas; Perú 16.1 %"
C. Servicios básicos y conectividad;Población 14+ que usó computadora o laptop;Provincia Cutervo;12.5;%;2025;"INEI – Censos Nacionales 2025 (tabulados oficiales; base P8 censo2025.db)";https://censos2025.inei.gob.pe/resultados/descarga-de-datos/cuadros-estadisticos/tabulados/tabulados-poblacion;PET7
E. Salud;Afiliados al SIS;Provincia Cutervo;91.5;%;2025;"INEI – Censos Nacionales 2025 (tabulados oficiales; base P8 censo2025.db)";https://censos2025.inei.gob.pe/resultados/descarga-de-datos/cuadros-estadisticos/tabulados/tabulados-poblacion;111575 personas (SALUD06)
E. Salud;Afiliados a EsSalud;Provincia Cutervo;7.4;%;2025;"INEI – Censos Nacionales 2025 (tabulados oficiales; base P8 censo2025.db)";https://censos2025.inei.gob.pe/resultados/descarga-de-datos/cuadros-estadisticos/tabulados/tabulados-poblacion;9046 personas
E. Salud;Sin ningún seguro de salud;Provincia Cutervo;0.8;%;2025;"INEI – Censos Nacionales 2025 (tabulados oficiales; base P8 censo2025.db)";https://censos2025.inei.gob.pe/resultados/descarga-de-datos/cuadros-estadisticos/tabulados/tabulados-poblacion;943 personas
C. Servicios básicos y conectividad;Viviendas con agua por red pública;Provincia Cutervo;79.6;%;2025;INEI – Censos Nacionales 2025, Tabulados de Vivienda – Servicios básicos (xlsx oficial);https://censos2025.inei.gob.pe/resultados/descarga-de-datos/cuadros-estadisticos/tabulados/tabulados-vivienda;35590 de 44714 viviendas con ocupantes presentes (cuadro VSB-1)
C. Servicios básicos y conectividad;Viviendas SIN agua por red pública;Provincia Cutervo;20.4;%;2025;INEI – Censos Nacionales 2025, Tabulados de Vivienda – Servicios básicos (xlsx oficial);https://censos2025.inei.gob.pe/resultados/descarga-de-datos/cuadros-estadisticos/tabulados/tabulados-vivienda;"9124 viviendas; 25264 personas"
C. Servicios básicos y conectividad;Viviendas que se abastecen de manantial/puquio o río/acequia;Provincia Cutervo;17.2;%;2025;INEI – Censos Nacionales 2025, Tabulados de Vivienda – Servicios básicos (xlsx oficial);https://censos2025.inei.gob.pe/resultados/descarga-de-datos/cuadros-estadisticos/tabulados/tabulados-vivienda;"4110 manantial + 3602 río/acequia = 7712 viviendas; 21498 personas"
C. Servicios básicos y conectividad;Viviendas con desagüe por red pública (dentro o fuera de la vivienda);Provincia Cutervo;37.6;%;2025;INEI – Censos Nacionales 2025, Tabulados de Vivienda – Servicios básicos (xlsx oficial);https://censos2025.inei.gob.pe/resultados/descarga-de-datos/cuadros-estadisticos/tabulados/tabulados-vivienda;dentro 14464 + fuera 2349 (cuadro VSB-9)
C. Servicios básicos y conectividad;Viviendas con pozo ciego/negro;Provincia Cutervo;17.0;%;2025;INEI – Censos Nacionales 2025, Tabulados de Vivienda – Servicios básicos (xlsx oficial);https://censos2025.inei.gob.pe/resultados/descarga-de-datos/cuadros-estadisticos/tabulados/tabulados-vivienda;7582 viviendas
C. Servicios básicos y conectividad;Viviendas sin conexión (al aire libre);Provincia Cutervo;11.3;%;2025;INEI – Censos Nacionales 2025, Tabulados de Vivienda – Servicios básicos (xlsx oficial);https://censos2025.inei.gob.pe/resultados/descarga-de-datos/cuadros-estadisticos/tabulados/tabulados-vivienda;"5063 viviendas; 13676 personas"
C. Servicios básicos y conectividad;Viviendas con electricidad por red pública;Provincia Cutervo;88.0;%;2025;INEI – Censos Nacionales 2025, Tabulados de Vivienda – Servicios básicos (xlsx oficial);https://censos2025.inei.gob.pe/resultados/descarga-de-datos/cuadros-estadisticos/tabulados/tabulados-vivienda;cuadro VSB-10
C. Servicios básicos y conectividad;Viviendas SIN energía eléctrica;Provincia Cutervo;6.7;%;2025;INEI – Censos Nacionales 2025, Tabulados de Vivienda – Servicios básicos (xlsx oficial);https://censos2025.inei.gob.pe/resultados/descarga-de-datos/cuadros-estadisticos/tabulados/tabulados-vivienda;"2997 viviendas; 7184 personas; panel solar 1384"
C. Servicios básicos y conectividad;Viviendas con agua por red pública;Dpto. Cajamarca;81.1;%;2025;INEI – Censos Nacionales 2025, Tabulados de Vivienda – Servicios básicos (xlsx oficial);https://censos2025.inei.gob.pe/resultados/descarga-de-datos/cuadros-estadisticos/tabulados/tabulados-vivienda;390321 de 481197 viviendas con ocupantes presentes (cuadro VSB-1)
C. Servicios básicos y conectividad;Viviendas SIN agua por red pública;Dpto. Cajamarca;18.9;%;2025;INEI – Censos Nacionales 2025, Tabulados de Vivienda – Servicios básicos (xlsx oficial);https://censos2025.inei.gob.pe/resultados/descarga-de-datos/cuadros-estadisticos/tabulados/tabulados-vivienda;"90876 viviendas; 267731 personas"
C. Servicios básicos y conectividad;Viviendas que se abastecen de manantial/puquio o río/acequia;Dpto. Cajamarca;15.6;%;2025;INEI – Censos Nacionales 2025, Tabulados de Vivienda – Servicios básicos (xlsx oficial);https://censos2025.inei.gob.pe/resultados/descarga-de-datos/cuadros-estadisticos/tabulados/tabulados-vivienda;"51746 manantial + 23156 río/acequia = 74902 viviendas; 220260 personas"
C. Servicios básicos y conectividad;Viviendas con desagüe por red pública (dentro o fuera de la vivienda);Dpto. Cajamarca;44.4;%;2025;INEI – Censos Nacionales 2025, Tabulados de Vivienda – Servicios básicos (xlsx oficial);https://censos2025.inei.gob.pe/resultados/descarga-de-datos/cuadros-estadisticos/tabulados/tabulados-vivienda;dentro 193563 + fuera 20177 (cuadro VSB-9)
C. Servicios básicos y conectividad;Viviendas con pozo ciego/negro;Dpto. Cajamarca;15.6;%;2025;INEI – Censos Nacionales 2025, Tabulados de Vivienda – Servicios básicos (xlsx oficial);https://censos2025.inei.gob.pe/resultados/descarga-de-datos/cuadros-estadisticos/tabulados/tabulados-vivienda;75145 viviendas
C. Servicios básicos y conectividad;Viviendas sin conexión (al aire libre);Dpto. Cajamarca;10.3;%;2025;INEI – Censos Nacionales 2025, Tabulados de Vivienda – Servicios básicos (xlsx oficial);https://censos2025.inei.gob.pe/resultados/descarga-de-datos/cuadros-estadisticos/tabulados/tabulados-vivienda;"49687 viviendas; 140340 personas"
C. Servicios básicos y conectividad;Viviendas con electricidad por red pública;Dpto. Cajamarca;89.4;%;2025;INEI – Censos Nacionales 2025, Tabulados de Vivienda – Servicios básicos (xlsx oficial);https://censos2025.inei.gob.pe/resultados/descarga-de-datos/cuadros-estadisticos/tabulados/tabulados-vivienda;cuadro VSB-10
C. Servicios básicos y conectividad;Viviendas SIN energía eléctrica;Dpto. Cajamarca;5.8;%;2025;INEI – Censos Nacionales 2025, Tabulados de Vivienda – Servicios básicos (xlsx oficial);https://censos2025.inei.gob.pe/resultados/descarga-de-datos/cuadros-estadisticos/tabulados/tabulados-vivienda;"27884 viviendas; 73057 personas; panel solar 15073"
C. Servicios básicos y conectividad;Viviendas con agua por red pública;Perú;79.3;%;2025;INEI – Censos Nacionales 2025, Tabulados de Vivienda – Servicios básicos (xlsx oficial);https://censos2025.inei.gob.pe/resultados/descarga-de-datos/cuadros-estadisticos/tabulados/tabulados-vivienda;8062953 de 10167523 viviendas con ocupantes presentes (cuadro VSB-1)
C. Servicios básicos y conectividad;Viviendas SIN agua por red pública;Perú;20.7;%;2025;INEI – Censos Nacionales 2025, Tabulados de Vivienda – Servicios básicos (xlsx oficial);https://censos2025.inei.gob.pe/resultados/descarga-de-datos/cuadros-estadisticos/tabulados/tabulados-vivienda;"2104570 viviendas; 6326883 personas"
C. Servicios básicos y conectividad;Viviendas que se abastecen de manantial/puquio o río/acequia;Perú;7.6;%;2025;INEI – Censos Nacionales 2025, Tabulados de Vivienda – Servicios básicos (xlsx oficial);https://censos2025.inei.gob.pe/resultados/descarga-de-datos/cuadros-estadisticos/tabulados/tabulados-vivienda;"415440 manantial + 353042 río/acequia = 768482 viviendas; 2217539 personas"
C. Servicios básicos y conectividad;Viviendas con desagüe por red pública (dentro o fuera de la vivienda);Perú;68.7;%;2025;INEI – Censos Nacionales 2025, Tabulados de Vivienda – Servicios básicos (xlsx oficial);https://censos2025.inei.gob.pe/resultados/descarga-de-datos/cuadros-estadisticos/tabulados/tabulados-vivienda;dentro 6557201 + fuera 432916 (cuadro VSB-9)
C. Servicios básicos y conectividad;Viviendas con pozo ciego/negro;Perú;13.1;%;2025;INEI – Censos Nacionales 2025, Tabulados de Vivienda – Servicios básicos (xlsx oficial);https://censos2025.inei.gob.pe/resultados/descarga-de-datos/cuadros-estadisticos/tabulados/tabulados-vivienda;1332005 viviendas
C. Servicios básicos y conectividad;Viviendas sin conexión (al aire libre);Perú;5.4;%;2025;INEI – Censos Nacionales 2025, Tabulados de Vivienda – Servicios básicos (xlsx oficial);https://censos2025.inei.gob.pe/resultados/descarga-de-datos/cuadros-estadisticos/tabulados/tabulados-vivienda;"553809 viviendas; 1544540 personas"
C. Servicios básicos y conectividad;Viviendas con electricidad por red pública;Perú;91.4;%;2025;INEI – Censos Nacionales 2025, Tabulados de Vivienda – Servicios básicos (xlsx oficial);https://censos2025.inei.gob.pe/resultados/descarga-de-datos/cuadros-estadisticos/tabulados/tabulados-vivienda;cuadro VSB-10
C. Servicios básicos y conectividad;Viviendas SIN energía eléctrica;Perú;3.7;%;2025;INEI – Censos Nacionales 2025, Tabulados de Vivienda – Servicios básicos (xlsx oficial);https://censos2025.inei.gob.pe/resultados/descarga-de-datos/cuadros-estadisticos/tabulados/tabulados-vivienda;"380950 viviendas; 975658 personas; panel solar 293205"
E. Salud;IPRESS registradas en la provincia (RENIPRESS);Provincia Cutervo;205;establecimientos;2026;"SUSALUD – RENIPRESS 2026 v4 + Consulta A «Recursos de Salud por IPRESS» (último registro 2026-05; base P8)";http://datos.susalud.gob.pe/dataset/registro-nacional-de-ipress-renipress;"EsSalud: 1; MINSA/Gob. Regional: 185; Otro: 1; Privado: 18"
E. Salud;Médicos en IPRESS de la provincia;Provincia Cutervo;141;médicos;2026;"SUSALUD – RENIPRESS 2026 v4 + Consulta A «Recursos de Salud por IPRESS» (último registro 2026-05; base P8)";http://datos.susalud.gob.pe/dataset/consulta-recursos-de-salud-por-ipress;"11.6 por 10 000 hab censados (OMS Perú ≈16,9; SUSALUD nacional ≈19,4)"
E. Salud;Enfermeras;Provincia Cutervo;211;enfermeras;2026;"SUSALUD – RENIPRESS 2026 v4 + Consulta A «Recursos de Salud por IPRESS» (último registro 2026-05; base P8)";http://datos.susalud.gob.pe/dataset/consulta-recursos-de-salud-por-ipress;17.3 por 10 000 hab
E. Salud;Obstetras;Provincia Cutervo;115;obstetras;2026;"SUSALUD – RENIPRESS 2026 v4 + Consulta A «Recursos de Salud por IPRESS» (último registro 2026-05; base P8)";http://datos.susalud.gob.pe/dataset/consulta-recursos-de-salud-por-ipress;
E. Salud;Odontólogos;Provincia Cutervo;45;odontólogos;2026;"SUSALUD – RENIPRESS 2026 v4 + Consulta A «Recursos de Salud por IPRESS» (último registro 2026-05; base P8)";http://datos.susalud.gob.pe/dataset/consulta-recursos-de-salud-por-ipress;
E. Salud;Psicólogos;Provincia Cutervo;41;psicólogos;2026;"SUSALUD – RENIPRESS 2026 v4 + Consulta A «Recursos de Salud por IPRESS» (último registro 2026-05; base P8)";http://datos.susalud.gob.pe/dataset/consulta-recursos-de-salud-por-ipress;
E. Salud;Camas hospitalarias;Provincia Cutervo;87;camas;2026;"SUSALUD – RENIPRESS 2026 v4 + Consulta A «Recursos de Salud por IPRESS» (último registro 2026-05; base P8)";http://datos.susalud.gob.pe/dataset/consulta-recursos-de-salud-por-ipress;7.1 por 10 000 hab
E. Salud;Ambulancias;Provincia Cutervo;25;ambulancias;2026;"SUSALUD – RENIPRESS 2026 v4 + Consulta A «Recursos de Salud por IPRESS» (último registro 2026-05; base P8)";http://datos.susalud.gob.pe/dataset/consulta-recursos-de-salud-por-ipress;
E. Salud;Habitantes por médico;Provincia Cutervo;865;hab/médico;2026;"SUSALUD – RENIPRESS 2026 v4 + Consulta A «Recursos de Salud por IPRESS» (último registro 2026-05; base P8)";http://datos.susalud.gob.pe/dataset/consulta-recursos-de-salud-por-ipress;
E. Salud;Densidad RHUS (médicos+enfermeras+obstetras) por 10 000 hab;Provincia Cutervo;36.8;por 10 000;2026;"SUSALUD – RENIPRESS 2026 v4 + Consulta A «Recursos de Salud por IPRESS» (último registro 2026-05; base P8)";http://datos.susalud.gob.pe/dataset/consulta-recursos-de-salud-por-ipress;"82.7 % del umbral OMS (44,5); brecha 98 profesionales (cálculo P8)"
E. Salud;Hospital Santa Maria De Cutervo (cat. II-1);Distrito Cutervo;53;médicos;2026;"SUSALUD – RENIPRESS 2026 v4 + Consulta A «Recursos de Salud por IPRESS» (último registro 2026-05; base P8)";http://datos.susalud.gob.pe/dataset/consulta-recursos-de-salud-por-ipress;"55 enfermeras, 35 camas, 4 ambulancias; concentra 38 % de los médicos de la provincia"
E. Salud;Oferta de salud – distrito Cutervo;Distrito Cutervo;76;IPRESS;2026;"SUSALUD – RENIPRESS 2026 v4 + Consulta A «Recursos de Salud por IPRESS» (último registro 2026-05; base P8)";http://datos.susalud.gob.pe/dataset/registro-nacional-de-ipress-renipress;92 médicos (17.4/10 000), 59 camas, 7 ambulancias
E. Salud;Oferta de salud – distrito Querocotillo;Distrito Querocotillo;23;IPRESS;2026;"SUSALUD – RENIPRESS 2026 v4 + Consulta A «Recursos de Salud por IPRESS» (último registro 2026-05; base P8)";http://datos.susalud.gob.pe/dataset/registro-nacional-de-ipress-renipress;11 médicos (8.7/10 000), 1 camas, 3 ambulancias
E. Salud;Oferta de salud – distrito Callayuc;Distrito Callayuc;18;IPRESS;2026;"SUSALUD – RENIPRESS 2026 v4 + Consulta A «Recursos de Salud por IPRESS» (último registro 2026-05; base P8)";http://datos.susalud.gob.pe/dataset/registro-nacional-de-ipress-renipress;7 médicos (7.3/10 000), 4 camas, 1 ambulancias
E. Salud;Oferta de salud – distrito Socota;Distrito Socota;17;IPRESS;2026;"SUSALUD – RENIPRESS 2026 v4 + Consulta A «Recursos de Salud por IPRESS» (último registro 2026-05; base P8)";http://datos.susalud.gob.pe/dataset/registro-nacional-de-ipress-renipress;5 médicos (5.7/10 000), 13 camas, 3 ambulancias
E. Salud;Oferta de salud – distrito Santo Tomás;Distrito Santo Tomás;12;IPRESS;2026;"SUSALUD – RENIPRESS 2026 v4 + Consulta A «Recursos de Salud por IPRESS» (último registro 2026-05; base P8)";http://datos.susalud.gob.pe/dataset/registro-nacional-de-ipress-renipress;3 médicos (4.1/10 000), 4 camas, 1 ambulancias
E. Salud;Oferta de salud – distrito Pimpingos;Distrito Pimpingos;8;IPRESS;2026;"SUSALUD – RENIPRESS 2026 v4 + Consulta A «Recursos de Salud por IPRESS» (último registro 2026-05; base P8)";http://datos.susalud.gob.pe/dataset/registro-nacional-de-ipress-renipress;3 médicos (5.7/10 000), 0 camas, 1 ambulancias
E. Salud;Oferta de salud – distrito Santo Domingo De La Capilla;Distrito Santo Domingo De La Capilla;12;IPRESS;2026;"SUSALUD – RENIPRESS 2026 v4 + Consulta A «Recursos de Salud por IPRESS» (último registro 2026-05; base P8)";http://datos.susalud.gob.pe/dataset/registro-nacional-de-ipress-renipress;2 médicos (4.4/10 000), 3 camas, 2 ambulancias
E. Salud;Oferta de salud – distrito San Andrés De Cutervo;Distrito San Andrés De Cutervo;5;IPRESS;2026;"SUSALUD – RENIPRESS 2026 v4 + Consulta A «Recursos de Salud por IPRESS» (último registro 2026-05; base P8)";http://datos.susalud.gob.pe/dataset/registro-nacional-de-ipress-renipress;3 médicos (7.5/10 000), 1 camas, 1 ambulancias
E. Salud;Oferta de salud – distrito La Ramada;Distrito La Ramada;8;IPRESS;2026;"SUSALUD – RENIPRESS 2026 v4 + Consulta A «Recursos de Salud por IPRESS» (último registro 2026-05; base P8)";http://datos.susalud.gob.pe/dataset/registro-nacional-de-ipress-renipress;3 médicos (9.0/10 000), 0 camas, 1 ambulancias
E. Salud;Oferta de salud – distrito Choros;Distrito Choros;4;IPRESS;2026;"SUSALUD – RENIPRESS 2026 v4 + Consulta A «Recursos de Salud por IPRESS» (último registro 2026-05; base P8)";http://datos.susalud.gob.pe/dataset/registro-nacional-de-ipress-renipress;3 médicos (9.7/10 000), 0 camas, 1 ambulancias
E. Salud;Oferta de salud – distrito Santa Cruz;Distrito Santa Cruz;7;IPRESS;2026;"SUSALUD – RENIPRESS 2026 v4 + Consulta A «Recursos de Salud por IPRESS» (último registro 2026-05; base P8)";http://datos.susalud.gob.pe/dataset/registro-nacional-de-ipress-renipress;1 médicos (3.8/10 000), 0 camas, 0 ambulancias
E. Salud;Oferta de salud – distrito San Luis De Lucma;Distrito San Luis De Lucma;5;IPRESS;2026;"SUSALUD – RENIPRESS 2026 v4 + Consulta A «Recursos de Salud por IPRESS» (último registro 2026-05; base P8)";http://datos.susalud.gob.pe/dataset/registro-nacional-de-ipress-renipress;2 médicos (7.6/10 000), 2 camas, 1 ambulancias
E. Salud;Oferta de salud – distrito Cujillo;Distrito Cujillo;4;IPRESS;2026;"SUSALUD – RENIPRESS 2026 v4 + Consulta A «Recursos de Salud por IPRESS» (último registro 2026-05; base P8)";http://datos.susalud.gob.pe/dataset/registro-nacional-de-ipress-renipress;3 médicos (13.3/10 000), 0 camas, 1 ambulancias
E. Salud;Oferta de salud – distrito San Juan De Cutervo;Distrito San Juan De Cutervo;4;IPRESS;2026;"SUSALUD – RENIPRESS 2026 v4 + Consulta A «Recursos de Salud por IPRESS» (último registro 2026-05; base P8)";http://datos.susalud.gob.pe/dataset/registro-nacional-de-ipress-renipress;2 médicos (9.5/10 000), 0 camas, 1 ambulancias
E. Salud;Oferta de salud – distrito Toribio Casanova;Distrito Toribio Casanova;2;IPRESS;2026;"SUSALUD – RENIPRESS 2026 v4 + Consulta A «Recursos de Salud por IPRESS» (último registro 2026-05; base P8)";http://datos.susalud.gob.pe/dataset/registro-nacional-de-ipress-renipress;1 médicos (8.4/10 000), 0 camas, 1 ambulancias
E. Salud;Médicos en los 14 distritos fuera de la capital;Provincia Cutervo (sin distrito Cutervo);49;médicos;2026;"SUSALUD – RENIPRESS 2026 v4 + Consulta A «Recursos de Salud por IPRESS» (último registro 2026-05; base P8)";http://datos.susalud.gob.pe/dataset/consulta-recursos-de-salud-por-ipress;"para 69185 habitantes = 7.1 por 10 000; distritos sin camas: 7"
A. Territorio y población;Superficie;Provincia Cutervo;3028.5;km²;2017;CEPLAN (PCM) – Información de brechas territoriales (Excel dep/prov/dist) (fuente INEI);https://www.ceplan.gob.pe/informacion-de-brechas-territoriales/ (Excel: https://www.ceplan.gob.pe/download/218452/);densidad 40.3 hab/km² (censo 2025)
A. Territorio y población;Altitud de la capital;Cutervo (ciudad);2628.0;msnm;2017;CEPLAN (PCM) – Información de brechas territoriales (Excel dep/prov/dist);https://www.ceplan.gob.pe/informacion-de-brechas-territoriales/ (Excel: https://www.ceplan.gob.pe/download/218452/);
A. Territorio y población;Número de distritos;Provincia Cutervo;15;distritos;2017;CEPLAN (PCM) – Información de brechas territoriales (Excel dep/prov/dist) / INEI;https://www.ceplan.gob.pe/informacion-de-brechas-territoriales/ (Excel: https://www.ceplan.gob.pe/download/218452/);
A. Territorio y población;Número de centros poblados (CCPP);Provincia Cutervo;635;centros poblados;2017;CEPLAN (PCM) – Información de brechas territoriales (Excel dep/prov/dist) (fuente: INEI Directorio CCPP 2017);https://www.ceplan.gob.pe/informacion-de-brechas-territoriales/ (Excel: https://www.ceplan.gob.pe/download/218452/);"Cajamarca 6 513; Perú 94 922"
A. Territorio y población;Población proyectada INEI 2018;Provincia Cutervo;125818;personas;2018;CEPLAN (PCM) – Información de brechas territoriales (Excel dep/prov/dist) (INEI proyecciones);https://www.ceplan.gob.pe/informacion-de-brechas-territoriales/ (Excel: https://www.ceplan.gob.pe/download/218452/);2022: 122594 (tendencia decreciente)
B. Pobreza;Pobreza monetaria – estimación puntual (Mapa de Pobreza 2018);Provincia Cutervo;57.5;%;2018;CEPLAN (PCM) – Información de brechas territoriales (Excel dep/prov/dist) (fuente INEI);https://www.ceplan.gob.pe/informacion-de-brechas-territoriales/ (Excel: https://www.ceplan.gob.pe/download/218452/);
B. Pobreza;Pobreza extrema (Mapa de Pobreza 2013);Provincia Cutervo;37.3;%;2013;CEPLAN (PCM) – Información de brechas territoriales (Excel dep/prov/dist) (fuente INEI);https://www.ceplan.gob.pe/informacion-de-brechas-territoriales/ (Excel: https://www.ceplan.gob.pe/download/218452/);"dato antiguo; úsese con cautela"
G. Economía, presupuesto y gestión;Presupuesto público ejecutado en la provincia (todas las entidades) – PIM;Provincia Cutervo;802718262.0;S/;2021;CEPLAN (PCM) – Información de brechas territoriales (Excel dep/prov/dist) (fuente MEF);https://www.ceplan.gob.pe/informacion-de-brechas-territoriales/ (Excel: https://www.ceplan.gob.pe/download/218452/);ejecutado 595,295,546 = 74.2 %
G. Economía, presupuesto y gestión;Presupuesto de PROYECTOS en la provincia – PIM;Provincia Cutervo;420568427.0;S/;2021;CEPLAN (PCM) – Información de brechas territoriales (Excel dep/prov/dist) (fuente MEF);https://www.ceplan.gob.pe/informacion-de-brechas-territoriales/ (Excel: https://www.ceplan.gob.pe/download/218452/);"ejecutado 240,496,988 = 57.2 %; sin ejecutar 180,071,439"
C. Servicios básicos y conectividad;Viviendas con los 3 servicios básicos (agua, desagüe, luz) – 2017;Provincia Cutervo;28.5;%;2017;CEPLAN (PCM) – Información de brechas territoriales (Excel dep/prov/dist) (Censo 2017);https://www.ceplan.gob.pe/informacion-de-brechas-territoriales/ (Excel: https://www.ceplan.gob.pe/download/218452/);rural: 6.0 % (1566 de 25923)
C. Servicios básicos y conectividad;Hogares que cocinan con leña – 2017;Provincia Cutervo;83.4;%;2017;CEPLAN (PCM) – Información de brechas territoriales (Excel dep/prov/dist) (Censo 2017);https://www.ceplan.gob.pe/informacion-de-brechas-territoriales/ (Excel: https://www.ceplan.gob.pe/download/218452/);30545 de 36645 hogares
C. Servicios básicos y conectividad;Hogares con conexión a internet – 2017;Provincia Cutervo;3.7;%;2017;CEPLAN (PCM) – Información de brechas territoriales (Excel dep/prov/dist) (Censo 2017);https://www.ceplan.gob.pe/informacion-de-brechas-territoriales/ (Excel: https://www.ceplan.gob.pe/download/218452/);
C. Servicios básicos y conectividad;Viviendas sin alumbrado eléctrico – 2017;Provincia Cutervo;26.1;%;2017;CEPLAN (PCM) – Información de brechas territoriales (Excel dep/prov/dist) (Censo 2017);https://www.ceplan.gob.pe/informacion-de-brechas-territoriales/ (Excel: https://www.ceplan.gob.pe/download/218452/);comparar con 2025 (mejora)
C. Servicios básicos y conectividad;Viviendas con agua de red pública (dentro o fuera) – 2017;Provincia Cutervo;65.8;%;2017;CEPLAN (PCM) – Información de brechas territoriales (Excel dep/prov/dist) (Censo 2017);https://www.ceplan.gob.pe/informacion-de-brechas-territoriales/ (Excel: https://www.ceplan.gob.pe/download/218452/);comparar con 2025
E. Salud;Desnutrición crónica infantil (<5 años);Provincia Cutervo;17.6;%;2021;CEPLAN (PCM) – Información de brechas territoriales (Excel dep/prov/dist) (SIEN/INS);https://www.ceplan.gob.pe/informacion-de-brechas-territoriales/ (Excel: https://www.ceplan.gob.pe/download/218452/);"2002 casos de 11403 evaluados; 2019: 22.2 %; Perú 2021: 15.1 %"
E. Salud;Anemia en niños de 6 a 35 meses;Provincia Cutervo;19.2;%;2021;CEPLAN (PCM) – Información de brechas territoriales (Excel dep/prov/dist) (SIEN/INS);https://www.ceplan.gob.pe/informacion-de-brechas-territoriales/ (Excel: https://www.ceplan.gob.pe/download/218452/);"204 casos de 1063 evaluados (cobertura baja); 2019: 20.6 %"
E. Salud;Anemia en niños <5 años;Provincia Cutervo;14.1;%;2021;CEPLAN (PCM) – Información de brechas territoriales (Excel dep/prov/dist) (SIEN/INS);https://www.ceplan.gob.pe/informacion-de-brechas-territoriales/ (Excel: https://www.ceplan.gob.pe/download/218452/);285 casos de 2022 evaluados
E. Salud;Nutricionistas registrados (RNPS);Provincia Cutervo;6;profesionales;2022;CEPLAN (PCM) – Información de brechas territoriales (Excel dep/prov/dist) (MINSA-RNPS mar-2022);https://www.ceplan.gob.pe/informacion-de-brechas-territoriales/ (Excel: https://www.ceplan.gob.pe/download/218452/);médicos 102, enfermeros 175, obstetras 110, psicólogos 25
E. Salud;Establecimientos por categoría (RNPS 2021);Provincia Cutervo;196;establecimientos;2021;CEPLAN (PCM) – Información de brechas territoriales (Excel dep/prov/dist) (MINSA-RNPS);https://www.ceplan.gob.pe/informacion-de-brechas-territoriales/ (Excel: https://www.ceplan.gob.pe/download/218452/);I-1: 147, I-2: 16, I-3: 28, I-4: 0, II-1: 1, sin categoría: 4
D. Educación;Locales escolares públicos en buen estado;Provincia Cutervo;14.7;%;2018;CEPLAN (PCM) – Información de brechas territoriales (Excel dep/prov/dist) (MINEDU-ESCALE);https://www.ceplan.gob.pe/informacion-de-brechas-territoriales/ (Excel: https://www.ceplan.gob.pe/download/218452/);Perú 16,3 %
D. Educación;Locales escolares públicos conectados a red de agua potable;Provincia Cutervo;20.7;%;2021;CEPLAN (PCM) – Información de brechas territoriales (Excel dep/prov/dist) (MINEDU-ESCALE);https://www.ceplan.gob.pe/informacion-de-brechas-territoriales/ (Excel: https://www.ceplan.gob.pe/download/218452/);Perú 32,6 %
D. Educación;Locales escolares públicos con los tres servicios básicos;Provincia Cutervo;15.3;%;2021;CEPLAN (PCM) – Información de brechas territoriales (Excel dep/prov/dist) (MINEDU-ESCALE);https://www.ceplan.gob.pe/informacion-de-brechas-territoriales/ (Excel: https://www.ceplan.gob.pe/download/218452/);Perú 26,8 %
D. Educación;Escuelas primarias con acceso a internet;Provincia Cutervo;28.1;%;2020;CEPLAN (PCM) – Información de brechas territoriales (Excel dep/prov/dist) (MINEDU-ESCALE);https://www.ceplan.gob.pe/informacion-de-brechas-territoriales/ (Excel: https://www.ceplan.gob.pe/download/218452/);secundaria 35.3 % (Perú: primaria 40,4 %, secundaria 71,4 %)
D. Educación;Primarias públicas multigrado o unidocentes (sector Educación);Provincia Cutervo;386;IIEE;2021;CEPLAN (PCM) – Información de brechas territoriales (Excel dep/prov/dist) (MINEDU-ESCALE);https://www.ceplan.gob.pe/informacion-de-brechas-territoriales/ (Excel: https://www.ceplan.gob.pe/download/218452/);multigrado 269 + unidocente 117 vs polidocente completo 33
D. Educación;Servicios educativos públicos activos: primaria / secundaria / jardín / PRONOEI;Provincia Cutervo;425 / 124 / 328 / 387;servicios;2021;CEPLAN (PCM) – Información de brechas territoriales (Excel dep/prov/dist) (MINEDU-ESCALE);https://www.ceplan.gob.pe/informacion-de-brechas-territoriales/ (Excel: https://www.ceplan.gob.pe/download/218452/);gestión pública directa
D. Educación;ECE 4.º primaria – Lectura 'previo al inicio';Provincia Cutervo;15.0;%;2019;CEPLAN (PCM) – Información de brechas territoriales (Excel dep/prov/dist) (MINEDU-UMC);https://www.ceplan.gob.pe/informacion-de-brechas-territoriales/ (Excel: https://www.ceplan.gob.pe/download/218452/);"Perú 5 %; 'en inicio' 31 % (Perú 25 %)"
F. Economía productiva;PEA ocupada (Censo 2017);Provincia Cutervo;39645;personas;2017;CEPLAN (PCM) – Información de brechas territoriales (Excel dep/prov/dist) (Censo 2017);https://www.ceplan.gob.pe/informacion-de-brechas-territoriales/ (Excel: https://www.ceplan.gob.pe/download/218452/);suma de tramos de edad y nivel educativo
F. Economía productiva;PEA ocupada en agricultura, ganadería, silvicultura y pesca;Provincia Cutervo;27650;personas;2017;CEPLAN (PCM) – Información de brechas territoriales (Excel dep/prov/dist) (Censo 2017);https://www.ceplan.gob.pe/informacion-de-brechas-territoriales/ (Excel: https://www.ceplan.gob.pe/download/218452/);"69.7 % de la PEA ocupada; 26935 en unidades de 1 a 5 personas"
F. Economía productiva;PEA ocupada en comercio;Provincia Cutervo;2257;personas;2017;CEPLAN (PCM) – Información de brechas territoriales (Excel dep/prov/dist) (Censo 2017);https://www.ceplan.gob.pe/informacion-de-brechas-territoriales/ (Excel: https://www.ceplan.gob.pe/download/218452/);unidades de 1 a 5 personas
F. Economía productiva;Empresas en operación (SUNAT);Provincia Cutervo;3354;empresas;2021;CEPLAN (PCM) – Información de brechas territoriales (Excel dep/prov/dist) (SUNAT);https://www.ceplan.gob.pe/informacion-de-brechas-territoriales/ (Excel: https://www.ceplan.gob.pe/download/218452/);2019: 2772
G. Economía, presupuesto y gestión;Tributos internos recaudados por SUNAT en la provincia;Provincia Cutervo;14.5;millones S/;2021;CEPLAN (PCM) – Información de brechas territoriales (Excel dep/prov/dist) (SUNAT);https://www.ceplan.gob.pe/informacion-de-brechas-territoriales/ (Excel: https://www.ceplan.gob.pe/download/218452/);
G. Economía, presupuesto y gestión;Contribuyentes registrados;Provincia Cutervo;15242;contribuyentes;2021;CEPLAN (PCM) – Información de brechas territoriales (Excel dep/prov/dist) (SUNAT);https://www.ceplan.gob.pe/informacion-de-brechas-territoriales/ (Excel: https://www.ceplan.gob.pe/download/218452/);agropecuarios: 203 (1.3 %) pese a que ~7 de cada 10 ocupados son del agro
G. Economía, presupuesto y gestión;Canon minero transferido a municipalidades de la provincia;Provincia Cutervo;8.5;millones S/;2020;CEPLAN (PCM) – Información de brechas territoriales (Excel dep/prov/dist) (MEF);https://www.ceplan.gob.pe/informacion-de-brechas-territoriales/ (Excel: https://www.ceplan.gob.pe/download/218452/);"2019: 4.27 M; canon hidroenergético 2020: 51 mil"
G. Economía, presupuesto y gestión;Créditos del sistema financiero en la provincia (banca múltiple + cajas + Edpymes);Provincia Cutervo;168.3;millones S/;2021;CEPLAN (PCM) – Información de brechas territoriales (Excel dep/prov/dist) (SBS);https://www.ceplan.gob.pe/informacion-de-brechas-territoriales/ (Excel: https://www.ceplan.gob.pe/download/218452/);"cajas municipales 108.2 M; banca 52.6 M"
H. Seguridad y riesgos;Comisarías;Provincia Cutervo;15;comisarías;2021;CEPLAN (PCM) – Información de brechas territoriales (Excel dep/prov/dist) (MININTER/Observatorio);https://www.ceplan.gob.pe/informacion-de-brechas-territoriales/ (Excel: https://www.ceplan.gob.pe/download/218452/);"tipo A: 1, tipo E: 14; 11 con paredes de adobe; 3 con sistema de evacuación de lluvias"
H. Seguridad y riesgos;Efectivos policiales en comisarías;Provincia Cutervo;119;efectivos;2021;CEPLAN (PCM) – Información de brechas territoriales (Excel dep/prov/dist) (MININTER/Observatorio);https://www.ceplan.gob.pe/informacion-de-brechas-territoriales/ (Excel: https://www.ceplan.gob.pe/download/218452/);1 policía por 1025 habitantes (9.8 por 10 000)
H. Seguridad y riesgos;Residuos sólidos recolectados por día;Provincia Cutervo;23565;kg/día;2021;CEPLAN (PCM) – Información de brechas territoriales (Excel dep/prov/dist) (INEI-RENAMU, autodeclarado);https://www.ceplan.gob.pe/informacion-de-brechas-territoriales/ (Excel: https://www.ceplan.gob.pe/download/218452/);"a relleno sanitario: 800 kg/día (3.4 %); el resto a botaderos u otros destinos"
H. Seguridad y riesgos;Municipalidades con algún instrumento de gestión ambiental;Provincia Cutervo;11;de 15 municipalidades;2021;CEPLAN (PCM) – Información de brechas territoriales (Excel dep/prov/dist) (INEI-RENAMU);https://www.ceplan.gob.pe/informacion-de-brechas-territoriales/ (Excel: https://www.ceplan.gob.pe/download/218452/);"con diagnóstico ambiental local: 1; con plan de acción ambiental: 3"
B. Pobreza;Pobreza monetaria – intervalo de confianza 95 %;Provincia Cutervo;53.8 – 61.2;%;2018;INEI – Mapa de Pobreza Monetaria Provincial y Distrital 2018 (Anexo 2 y Cuadro 7);https://www.inei.gob.pe/media/MenuRecursivo/publicaciones_digitales/Est/Lib1718/Libro.pdf;población proyectada 2020: 123948
B. Pobreza;Puesto entre las 196 provincias más pobres del Perú;Provincia Cutervo;5;puesto;2018;INEI – Mapa de Pobreza Monetaria Provincial y Distrital 2018 (Anexo 2 y Cuadro 7);https://www.inei.gob.pe/media/MenuRecursivo/publicaciones_digitales/Est/Lib1718/Libro.pdf;"Cutervo figura 5.ª en 'Veinte provincias más pobres, 2018' (Cuadro N° 7); 10 de las 20 son de Cajamarca"
B. Pobreza;Distritos de Cutervo entre los 100 más pobres del Perú (de 1 874);Provincia Cutervo;8;distritos;2018;INEI – Mapa de Pobreza Monetaria Provincial y Distrital 2018 (Anexo 2 y Cuadro 7);https://www.inei.gob.pe/media/MenuRecursivo/publicaciones_digitales/Est/Lib1718/Libro.pdf;"Cujillo #9; Callayuc #12; La Ramada #17; Santo Tomas #29; Querocotillo #34; Santa Cruz #40; Santo Domingo De La Capilla #51; San Juan De Cutervo #69"
B. Pobreza;Pobreza monetaria – distrito Cujillo;Distrito Cujillo;66.2 – 87.1;%;2018;INEI – Mapa de Pobreza Monetaria Provincial y Distrital 2018 (Anexo 2 y Cuadro 7);https://www.inei.gob.pe/media/MenuRecursivo/publicaciones_digitales/Est/Lib1718/Libro.pdf;puesto nacional 9 de 1 874 (1 = más pobre)
B. Pobreza;Pobreza monetaria – distrito Callayuc;Distrito Callayuc;68.0 – 83.3;%;2018;INEI – Mapa de Pobreza Monetaria Provincial y Distrital 2018 (Anexo 2 y Cuadro 7);https://www.inei.gob.pe/media/MenuRecursivo/publicaciones_digitales/Est/Lib1718/Libro.pdf;puesto nacional 12 de 1 874 (1 = más pobre)
B. Pobreza;Pobreza monetaria – distrito La Ramada;Distrito La Ramada;65.8 – 80.8;%;2018;INEI – Mapa de Pobreza Monetaria Provincial y Distrital 2018 (Anexo 2 y Cuadro 7);https://www.inei.gob.pe/media/MenuRecursivo/publicaciones_digitales/Est/Lib1718/Libro.pdf;puesto nacional 17 de 1 874 (1 = más pobre)
B. Pobreza;Pobreza monetaria – distrito Santo Tomas;Distrito Santo Tomas;62.9 – 77.2;%;2018;INEI – Mapa de Pobreza Monetaria Provincial y Distrital 2018 (Anexo 2 y Cuadro 7);https://www.inei.gob.pe/media/MenuRecursivo/publicaciones_digitales/Est/Lib1718/Libro.pdf;puesto nacional 29 de 1 874 (1 = más pobre)
B. Pobreza;Pobreza monetaria – distrito Querocotillo;Distrito Querocotillo;61.3 – 77.0;%;2018;INEI – Mapa de Pobreza Monetaria Provincial y Distrital 2018 (Anexo 2 y Cuadro 7);https://www.inei.gob.pe/media/MenuRecursivo/publicaciones_digitales/Est/Lib1718/Libro.pdf;puesto nacional 34 de 1 874 (1 = más pobre)
B. Pobreza;Pobreza monetaria – distrito Santa Cruz;Distrito Santa Cruz;60.4 – 76.7;%;2018;INEI – Mapa de Pobreza Monetaria Provincial y Distrital 2018 (Anexo 2 y Cuadro 7);https://www.inei.gob.pe/media/MenuRecursivo/publicaciones_digitales/Est/Lib1718/Libro.pdf;puesto nacional 40 de 1 874 (1 = más pobre)
B. Pobreza;Pobreza monetaria – distrito Santo Domingo De La Capilla;Distrito Santo Domingo De La Capilla;59.9 – 73.8;%;2018;INEI – Mapa de Pobreza Monetaria Provincial y Distrital 2018 (Anexo 2 y Cuadro 7);https://www.inei.gob.pe/media/MenuRecursivo/publicaciones_digitales/Est/Lib1718/Libro.pdf;puesto nacional 51 de 1 874 (1 = más pobre)
B. Pobreza;Pobreza monetaria – distrito San Juan De Cutervo;Distrito San Juan De Cutervo;56.0 – 73.4;%;2018;INEI – Mapa de Pobreza Monetaria Provincial y Distrital 2018 (Anexo 2 y Cuadro 7);https://www.inei.gob.pe/media/MenuRecursivo/publicaciones_digitales/Est/Lib1718/Libro.pdf;puesto nacional 69 de 1 874 (1 = más pobre)
B. Pobreza;Pobreza monetaria – distrito Pimpingos;Distrito Pimpingos;51.3 – 69.5;%;2018;INEI – Mapa de Pobreza Monetaria Provincial y Distrital 2018 (Anexo 2 y Cuadro 7);https://www.inei.gob.pe/media/MenuRecursivo/publicaciones_digitales/Est/Lib1718/Libro.pdf;puesto nacional 111 de 1 874 (1 = más pobre)
B. Pobreza;Pobreza monetaria – distrito Choros;Distrito Choros;50.4 – 69.3;%;2018;INEI – Mapa de Pobreza Monetaria Provincial y Distrital 2018 (Anexo 2 y Cuadro 7);https://www.inei.gob.pe/media/MenuRecursivo/publicaciones_digitales/Est/Lib1718/Libro.pdf;puesto nacional 120 de 1 874 (1 = más pobre)
B. Pobreza;Pobreza monetaria – distrito San Andrés De Cutervo;Distrito San Andrés De Cutervo;47.9 – 64.9;%;2018;INEI – Mapa de Pobreza Monetaria Provincial y Distrital 2018 (Anexo 2 y Cuadro 7);https://www.inei.gob.pe/media/MenuRecursivo/publicaciones_digitales/Est/Lib1718/Libro.pdf;puesto nacional 171 de 1 874 (1 = más pobre)
B. Pobreza;Pobreza monetaria – distrito San Luis De Lucma;Distrito San Luis De Lucma;44.8 – 65.4;%;2018;INEI – Mapa de Pobreza Monetaria Provincial y Distrital 2018 (Anexo 2 y Cuadro 7);https://www.inei.gob.pe/media/MenuRecursivo/publicaciones_digitales/Est/Lib1718/Libro.pdf;puesto nacional 196 de 1 874 (1 = más pobre)
B. Pobreza;Pobreza monetaria – distrito Socota;Distrito Socota;46.8 – 63.0;%;2018;INEI – Mapa de Pobreza Monetaria Provincial y Distrital 2018 (Anexo 2 y Cuadro 7);https://www.inei.gob.pe/media/MenuRecursivo/publicaciones_digitales/Est/Lib1718/Libro.pdf;puesto nacional 203 de 1 874 (1 = más pobre)
B. Pobreza;Pobreza monetaria – distrito Cutervo;Distrito Cutervo;38.8 – 54.3;%;2018;INEI – Mapa de Pobreza Monetaria Provincial y Distrital 2018 (Anexo 2 y Cuadro 7);https://www.inei.gob.pe/media/MenuRecursivo/publicaciones_digitales/Est/Lib1718/Libro.pdf;puesto nacional 476 de 1 874 (1 = más pobre)
B. Pobreza;Pobreza monetaria – distrito Toribio Casanova;Distrito Toribio Casanova;28.6 – 47.4;%;2018;INEI – Mapa de Pobreza Monetaria Provincial y Distrital 2018 (Anexo 2 y Cuadro 7);https://www.inei.gob.pe/media/MenuRecursivo/publicaciones_digitales/Est/Lib1718/Libro.pdf;puesto nacional 801 de 1 874 (1 = más pobre)
A. Territorio y población;Centros poblados con menos de 100 habitantes;Provincia Cutervo;294;centros poblados;2017;INEI – Directorio Nacional de Centros Poblados, Censos Nacionales 2017 (tomo Cajamarca);https://www.inei.gob.pe/media/MenuRecursivo/publicaciones_digitales/Est/Lib1541/index.htm (cuadros/dpto06.xlsx);"46 % de los 635 CCPP; con <50 hab: 158"
A. Territorio y población;Rango altitudinal de los centros poblados;Provincia Cutervo;456 – 3068;msnm;2017;INEI – Directorio Nacional de Centros Poblados, Censos Nacionales 2017 (tomo Cajamarca);https://www.inei.gob.pe/media/MenuRecursivo/publicaciones_digitales/Est/Lib1541/index.htm (cuadros/dpto06.xlsx);3 regiones naturales: Yunga fluvial 364, Quechua 143, Rupa Rupa 128 CCPP
A. Territorio y población;Centros poblados con más de 1 000 habitantes;Provincia Cutervo;4;centros poblados;2017;INEI – Directorio Nacional de Centros Poblados, Censos Nacionales 2017 (tomo Cajamarca);https://www.inei.gob.pe/media/MenuRecursivo/publicaciones_digitales/Est/Lib1541/index.htm (cuadros/dpto06.xlsx);"Cutervo (21220); Socota (2698); Santo Tomas (1762); San Andres De Cutervo (1101)"
A. Territorio y población;Centros poblados – distrito Cutervo;Distrito Cutervo;141;centros poblados;2017;INEI – Directorio Nacional de Centros Poblados, Censos Nacionales 2017 (tomo Cajamarca);https://www.inei.gob.pe/media/MenuRecursivo/publicaciones_digitales/Est/Lib1541/index.htm (cuadros/dpto06.xlsx);"39 con <100 hab; capital Cutervo (21220 hab. 2017)"
A. Territorio y población;Centros poblados – distrito Callayuc;Distrito Callayuc;69;centros poblados;2017;INEI – Directorio Nacional de Centros Poblados, Censos Nacionales 2017 (tomo Cajamarca);https://www.inei.gob.pe/media/MenuRecursivo/publicaciones_digitales/Est/Lib1541/index.htm (cuadros/dpto06.xlsx);"35 con <100 hab; capital Callayuc (585 hab. 2017)"
A. Territorio y población;Centros poblados – distrito Choros;Distrito Choros;34;centros poblados;2017;INEI – Directorio Nacional de Centros Poblados, Censos Nacionales 2017 (tomo Cajamarca);https://www.inei.gob.pe/media/MenuRecursivo/publicaciones_digitales/Est/Lib1541/index.htm (cuadros/dpto06.xlsx);"25 con <100 hab; capital Choros (347 hab. 2017)"
A. Territorio y población;Centros poblados – distrito Cujillo;Distrito Cujillo;22;centros poblados;2017;INEI – Directorio Nacional de Centros Poblados, Censos Nacionales 2017 (tomo Cajamarca);https://www.inei.gob.pe/media/MenuRecursivo/publicaciones_digitales/Est/Lib1541/index.htm (cuadros/dpto06.xlsx);"14 con <100 hab; capital Cujillo (324 hab. 2017)"
A. Territorio y población;Centros poblados – distrito La Ramada;Distrito La Ramada;17;centros poblados;2017;INEI – Directorio Nacional de Centros Poblados, Censos Nacionales 2017 (tomo Cajamarca);https://www.inei.gob.pe/media/MenuRecursivo/publicaciones_digitales/Est/Lib1541/index.htm (cuadros/dpto06.xlsx);"2 con <100 hab; capital La Ramada (576 hab. 2017)"
A. Territorio y población;Centros poblados – distrito Pimpingos;Distrito Pimpingos;36;centros poblados;2017;INEI – Directorio Nacional de Centros Poblados, Censos Nacionales 2017 (tomo Cajamarca);https://www.inei.gob.pe/media/MenuRecursivo/publicaciones_digitales/Est/Lib1541/index.htm (cuadros/dpto06.xlsx);"14 con <100 hab; capital Pimpingos (570 hab. 2017)"
A. Territorio y población;Centros poblados – distrito Querocotillo;Distrito Querocotillo;82;centros poblados;2017;INEI – Directorio Nacional de Centros Poblados, Censos Nacionales 2017 (tomo Cajamarca);https://www.inei.gob.pe/media/MenuRecursivo/publicaciones_digitales/Est/Lib1541/index.htm (cuadros/dpto06.xlsx);"32 con <100 hab; capital Querocotillo (915 hab. 2017)"
A. Territorio y población;Centros poblados – distrito San Andrés De Cutervo;Distrito San Andrés De Cutervo;14;centros poblados;2017;INEI – Directorio Nacional de Centros Poblados, Censos Nacionales 2017 (tomo Cajamarca);https://www.inei.gob.pe/media/MenuRecursivo/publicaciones_digitales/Est/Lib1541/index.htm (cuadros/dpto06.xlsx);"3 con <100 hab; capital San Andres De Cutervo (1101 hab. 2017)"
A. Territorio y población;Centros poblados – distrito San Juan De Cutervo;Distrito San Juan De Cutervo;23;centros poblados;2017;INEI – Directorio Nacional de Centros Poblados, Censos Nacionales 2017 (tomo Cajamarca);https://www.inei.gob.pe/media/MenuRecursivo/publicaciones_digitales/Est/Lib1541/index.htm (cuadros/dpto06.xlsx);"17 con <100 hab; capital San Juan De Cutervo (487 hab. 2017)"
A. Territorio y población;Centros poblados – distrito San Luis De Lucma;Distrito San Luis De Lucma;19;centros poblados;2017;INEI – Directorio Nacional de Centros Poblados, Censos Nacionales 2017 (tomo Cajamarca);https://www.inei.gob.pe/media/MenuRecursivo/publicaciones_digitales/Est/Lib1541/index.htm (cuadros/dpto06.xlsx);"8 con <100 hab; capital San Luis De Lucma (473 hab. 2017)"
A. Territorio y población;Centros poblados – distrito Santa Cruz;Distrito Santa Cruz;47;centros poblados;2017;INEI – Directorio Nacional de Centros Poblados, Censos Nacionales 2017 (tomo Cajamarca);https://www.inei.gob.pe/media/MenuRecursivo/publicaciones_digitales/Est/Lib1541/index.htm (cuadros/dpto06.xlsx);"40 con <100 hab; capital Santa Cruz (364 hab. 2017)"
A. Territorio y población;Centros poblados – distrito Santo Domingo De La Capilla;Distrito Santo Domingo De La Capilla;28;centros poblados;2017;INEI – Directorio Nacional de Centros Poblados, Censos Nacionales 2017 (tomo Cajamarca);https://www.inei.gob.pe/media/MenuRecursivo/publicaciones_digitales/Est/Lib1541/index.htm (cuadros/dpto06.xlsx);"14 con <100 hab; capital Santo Domingo De La Capilla (803 hab. 2017)"
A. Territorio y población;Centros poblados – distrito Santo Tomás;Distrito Santo Tomás;40;centros poblados;2017;INEI – Directorio Nacional de Centros Poblados, Censos Nacionales 2017 (tomo Cajamarca);https://www.inei.gob.pe/media/MenuRecursivo/publicaciones_digitales/Est/Lib1541/index.htm (cuadros/dpto06.xlsx);"18 con <100 hab; capital Santo Tomas (1762 hab. 2017)"
A. Territorio y población;Centros poblados – distrito Socota;Distrito Socota;37;centros poblados;2017;INEI – Directorio Nacional de Centros Poblados, Censos Nacionales 2017 (tomo Cajamarca);https://www.inei.gob.pe/media/MenuRecursivo/publicaciones_digitales/Est/Lib1541/index.htm (cuadros/dpto06.xlsx);"10 con <100 hab; capital Socota (2698 hab. 2017)"
A. Territorio y población;Centros poblados – distrito Toribio Casanova;Distrito Toribio Casanova;26;centros poblados;2017;INEI – Directorio Nacional de Centros Poblados, Censos Nacionales 2017 (tomo Cajamarca);https://www.inei.gob.pe/media/MenuRecursivo/publicaciones_digitales/Est/Lib1541/index.htm (cuadros/dpto06.xlsx);"23 con <100 hab; capital La Sacilia (348 hab. 2017)"
F. Economía productiva;Parque Nacional de Cutervo – primer parque nacional del Perú;Provincia Cutervo;8214.2;hectáreas;2006;SERNANP – Parque Nacional de Cutervo;https://www.gob.pe/institucion/sernanp/informes-publicaciones/1948145-parque-nacional-de-cutervo;"creado por Ley 13694 (8-set-1961); ampliado por Ley 28860 (2006)"
B. Pobreza;Pobreza monetaria 2024 – departamento;Dpto. Cajamarca;45.0;%;2024;INEI – Informe técnico «Evolución de la pobreza monetaria 2015-2024» (may-2025);https://rpp.pe/economia/economia/cajamarca-sigue-siendo-la-region-mas-pobre-del-peru-segun-inei-y-las-demas-regiones-pobreza-monetaria-noticia-1633333;"la región MÁS POBRE del Perú en 2024; Perú 27,6 %; pobreza extrema nacional 5,5 %"
B. Pobreza;Pobreza monetaria 2025 – departamento;Dpto. Cajamarca;41.0;%;2025;INEI – Nota de prensa: pobreza monetaria 2025 (may-2026);https://www.gob.pe/institucion/inei/noticias/1387366-inei-pobreza-monetaria-alcanzo-al-25-7-de-la-poblacion-en-el-peru-durante-el-ano-2025;"la más alta del país junto a Loreto (40,1 %); Perú 25,7 %; siguen Puno 37,5 %, Pasco 36,4 %, Huánuco 35,7 %"
B. Pobreza;Índice de Desarrollo Humano (IDH) 2019;Provincia Cutervo;0.355;índice 0–1;2019;"PNUD Perú – «El reto de la igualdad» (IDH 2019); base IPE «IDH y componentes 2003-2019»";https://ipe.org.pe/wp-content/uploads/2021/11/IDH-y-Componentes-2003-2019.xlsx;"puesto 147 de 196 provincias (50.ª más baja); ingreso familiar per cápita S/ 434,9/mes; 47,6 % de mayores de 18 con secundaria completa"
B. Pobreza;IDH 2019 – distrito Cutervo;Distrito Cutervo;0.399;índice 0–1;2019;"PNUD Perú – «El reto de la igualdad» (IDH 2019); base IPE «IDH y componentes 2003-2019»";https://ipe.org.pe/wp-content/uploads/2021/11/IDH-y-Componentes-2003-2019.xlsx;
B. Pobreza;IDH 2019 – distrito Callayuc;Distrito Callayuc;0.338;índice 0–1;2019;"PNUD Perú – «El reto de la igualdad» (IDH 2019); base IPE «IDH y componentes 2003-2019»";https://ipe.org.pe/wp-content/uploads/2021/11/IDH-y-Componentes-2003-2019.xlsx;
B. Pobreza;IDH 2019 – distrito Choros;Distrito Choros;0.393;índice 0–1;2019;"PNUD Perú – «El reto de la igualdad» (IDH 2019); base IPE «IDH y componentes 2003-2019»";https://ipe.org.pe/wp-content/uploads/2021/11/IDH-y-Componentes-2003-2019.xlsx;
B. Pobreza;IDH 2019 – distrito Cujillo;Distrito Cujillo;0.312;índice 0–1;2019;"PNUD Perú – «El reto de la igualdad» (IDH 2019); base IPE «IDH y componentes 2003-2019»";https://ipe.org.pe/wp-content/uploads/2021/11/IDH-y-Componentes-2003-2019.xlsx;
B. Pobreza;IDH 2019 – distrito La Ramada;Distrito La Ramada;0.274;índice 0–1;2019;"PNUD Perú – «El reto de la igualdad» (IDH 2019); base IPE «IDH y componentes 2003-2019»";https://ipe.org.pe/wp-content/uploads/2021/11/IDH-y-Componentes-2003-2019.xlsx;
B. Pobreza;IDH 2019 – distrito Pimpingos;Distrito Pimpingos;0.276;índice 0–1;2019;"PNUD Perú – «El reto de la igualdad» (IDH 2019); base IPE «IDH y componentes 2003-2019»";https://ipe.org.pe/wp-content/uploads/2021/11/IDH-y-Componentes-2003-2019.xlsx;
B. Pobreza;IDH 2019 – distrito Querocotillo;Distrito Querocotillo;0.274;índice 0–1;2019;"PNUD Perú – «El reto de la igualdad» (IDH 2019); base IPE «IDH y componentes 2003-2019»";https://ipe.org.pe/wp-content/uploads/2021/11/IDH-y-Componentes-2003-2019.xlsx;
B. Pobreza;IDH 2019 – distrito San Andres De Cutervo;Distrito San Andres De Cutervo;0.345;índice 0–1;2019;"PNUD Perú – «El reto de la igualdad» (IDH 2019); base IPE «IDH y componentes 2003-2019»";https://ipe.org.pe/wp-content/uploads/2021/11/IDH-y-Componentes-2003-2019.xlsx;
B. Pobreza;IDH 2019 – distrito San Juan De Cutervo;Distrito San Juan De Cutervo;0.377;índice 0–1;2019;"PNUD Perú – «El reto de la igualdad» (IDH 2019); base IPE «IDH y componentes 2003-2019»";https://ipe.org.pe/wp-content/uploads/2021/11/IDH-y-Componentes-2003-2019.xlsx;
B. Pobreza;IDH 2019 – distrito San Luis De Lucma;Distrito San Luis De Lucma;0.292;índice 0–1;2019;"PNUD Perú – «El reto de la igualdad» (IDH 2019); base IPE «IDH y componentes 2003-2019»";https://ipe.org.pe/wp-content/uploads/2021/11/IDH-y-Componentes-2003-2019.xlsx;
B. Pobreza;IDH 2019 – distrito Santa Cruz;Distrito Santa Cruz;0.32;índice 0–1;2019;"PNUD Perú – «El reto de la igualdad» (IDH 2019); base IPE «IDH y componentes 2003-2019»";https://ipe.org.pe/wp-content/uploads/2021/11/IDH-y-Componentes-2003-2019.xlsx;
B. Pobreza;IDH 2019 – distrito Santo Domingo De La Capilla;Distrito Santo Domingo De La Capilla;0.271;índice 0–1;2019;"PNUD Perú – «El reto de la igualdad» (IDH 2019); base IPE «IDH y componentes 2003-2019»";https://ipe.org.pe/wp-content/uploads/2021/11/IDH-y-Componentes-2003-2019.xlsx;
B. Pobreza;IDH 2019 – distrito Santo Tomas;Distrito Santo Tomas;0.357;índice 0–1;2019;"PNUD Perú – «El reto de la igualdad» (IDH 2019); base IPE «IDH y componentes 2003-2019»";https://ipe.org.pe/wp-content/uploads/2021/11/IDH-y-Componentes-2003-2019.xlsx;
B. Pobreza;IDH 2019 – distrito Socota;Distrito Socota;0.334;índice 0–1;2019;"PNUD Perú – «El reto de la igualdad» (IDH 2019); base IPE «IDH y componentes 2003-2019»";https://ipe.org.pe/wp-content/uploads/2021/11/IDH-y-Componentes-2003-2019.xlsx;
B. Pobreza;IDH 2019 – distrito Toribio Casanova;Distrito Toribio Casanova;0.306;índice 0–1;2019;"PNUD Perú – «El reto de la igualdad» (IDH 2019); base IPE «IDH y componentes 2003-2019»";https://ipe.org.pe/wp-content/uploads/2021/11/IDH-y-Componentes-2003-2019.xlsx;
E. Salud;Anemia en niños de 6 a 35 meses – ENDES 2024;Dpto. Cajamarca;38.4;%;2024;INEI – ENDES 2024, informe departamental Cajamarca (cap. 9) y tablas PPR;https://proyectos.inei.gob.pe/endes/2024/departamentales/Endes06/pdf/Cap09.pdf;"subió desde 25,8 % en 2023; Perú 2024 ≈ 43,7 % (ENDES). OJO: ENDES es encuesta departamental; el dato provincial (SIEN 2021: 19,2 %) es administrativo"
E. Salud;Desnutrición crónica < 5 años (patrón OMS) – ENDES 2024;Dpto. Cajamarca;20.4;%;2024;INEI – ENDES 2024, informe departamental Cajamarca (tablas PPR) y tablas PPR;https://proyectos.inei.gob.pe/endes/2024/ppr2/indicadores_de_resultados_de_los_programas_presupuestales_endes_2024.pdf;"IC95 16,6–24,3; Perú 12,1 %; serie Cajamarca 2019→2024: 25,6 → 20,4"
H. Seguridad y riesgos;Casos de violencia atendidos por los CEM (ene–jun 2026);Dpto. Cajamarca;2250;casos;2026;MIMP – Programa Nacional Warmi Ñan (ex Aurora), reporte estadístico junio 2026;https://portalestadistico.warminan.gob.pe/wp-content/uploads/2026/07/Casos-del-CEM-Junio-2026.xlsx;"1 952 mujeres (86,8 %); dato por CEM Cutervo pendiente (cartilla regional)"
I. Electoral 2022-2026;Electores hábiles ERM 2026 – departamento;Dpto. Cajamarca;1209993;electores;2026;RENIEC – Padrón electoral ERM 2026 (notas oficiales);https://identidad.reniec.gob.pe/b/elecciones-2026-cajamarca-entre-las-cinco-regiones-con-mayor-cantidad-de-votantes;"padrón definitivo (JNE 5-jun-2026): 598 408 hombres, 611 585 mujeres; 5.ª región con más electores"
I. Electoral 2022-2026;Electores ERM 2026 – provincia (primer simulacro del padrón);Provincia Cutervo;108912;electores;2026;RENIEC – Padrón electoral ERM 2026 (notas oficiales);https://www.gob.pe/institucion/reniec/noticias/1363907;padrón EG2026 por mesa: 107 942 (base del mapa)
I. Electoral 2022-2026;ERM 2022 – alcalde provincial electo;Provincia Cutervo;Moisés González Cruz (Alianza para el Progreso);;2022;"Infogob/JNE; Wikipedia (Anexo: Elecciones municipales en Cajamarca 2022)";https://es.wikipedia.org/wiki/Anexo:Elecciones_municipales_en_Cajamarca_de_2022;APP ≈ 22 272 votos (33,3 % válidos). Nota Radio Ilucán 2026: Carlos Vargas Vargas asumió como alcalde (verificar vacancia/suspensión)
I. Electoral 2022-2026;ERM 2022 – Óscar Mena Vílchez (Avanza País);Provincia Cutervo;17373;votos (2.º lugar);2022;"Canal Digital Cutervo (video oficial del candidato); Wikipedia ERM 2022 (17 430 votos, 26,1 %)";https://www.facebook.com/CanalDigitalCutervo/videos/627005675573249/;"«segundo candidato más votado»; cifra exacta por confirmar en Infogob/ONPE"
I. Electoral 2022-2026;Listas presentadas a la alcaldía provincial ERM 2026;Provincia Cutervo;7;listas;2026;JNE – Voto Informado ERM 2026 (API oficial, consulta 23-ago-2026) + reporte de inscripción de listas;https://votoinformado.jne.gob.pe/candidatos;AP (F. Matta), APP (J. Delgado), Cajamarca Renace (S. Fernández Tenorio), Somos Perú (Ó. Mena), Todo con el Pueblo (G. Rivera), Renovación Popular (J. Terrones), Fuerza Ciudadana (A. Bances, IMPROCEDENTE)
I. Electoral 2022-2026;Listas vigentes con plan de gobierno inscrito (23-ago-2026);Provincia Cutervo;6;listas;2026;JNE – Voto Informado ERM 2026 (API oficial, consulta 23-ago-2026) + reporte de inscripción de listas;https://votoinformado.jne.gob.pe/candidatos;AP, APP, Cajamarca Renace, Somos Perú, Todo con el Pueblo, Renovación Popular — todas con PDF de plan de gobierno en el JNE
I. Electoral 2022-2026;Candidatura de Óscar Mena Vílchez (Somos Perú) – estado;Provincia Cutervo;IMPROCEDENTE (confirmada por el JNE);;2026;"JEE Cutervo Res. 00081-2026-JEE-CTVO/JNE (2-jul-2026); JNE Res. 1851-2026-JNE (NL 11-ago-2026); Canal Digital Cutervo (3-jul-2026)";https://www.estudio-castillo.com/2026/08/11/normas-legales-11-08-2026/;"impedimento del art. 34-A de la Constitución (sentencia condenatoria en 1.ª instancia por tenencia ilegal de armas); la lista de 12 regidores CONTINÚA (1.er regidor: Secundino Vásquez Saucedo, ADMITIDO); expediente ERM.2026013924"
I. Electoral 2022-2026;Plan de gobierno inscrito en el JNE (Somos Perú Cutervo 2027-2030);Provincia Cutervo;16 páginas;PDF;2026;JNE – Voto Informado / mpesije (descargado 23-ago-2026);https://votoinformado.jne.gob.pe/mpesije/docs/ffa5137a-3e8e-463c-8c45-5dc610e7459c.pdf;"firmado «Óscar Mena Vílchez – Candidato Provincial»; visión 2030: integración vial y digital, café/lácteos tecnificados, agua potable, Parque Nacional, gestión con rondas; copia en docs/plan_gobierno_somosperu_cutervo.pdf"
I. Electoral 2022-2026;ERM 2022 – electores hábiles;Provincia Cutervo;102183;electores;2022;"ONPE – Resultados por mesa, Elecciones Municipales Provinciales 2022 (datos abiertos; agregado propio)";https://www.datosabiertos.gob.pe/sites/default/files/ERM2022_Municipal_Provincial.zip;"352 mesas; participación 73 0 % (emitidos 74 595)"
I. Electoral 2022-2026;ERM 2022 – resultado por organización (válidos);Provincia Cutervo;APP 33,3 % · Avanza País 26,1 % · Cajamarca Siempre Verde 24,1 % · Fte. Esperanza 6,2 % · Fte. Regional 5,5 % · Somos Perú 4,9 %;;2022;"ONPE – Resultados por mesa, Elecciones Municipales Provinciales 2022 (datos abiertos; agregado propio)";https://www.datosabiertos.gob.pe/sites/default/files/ERM2022_Municipal_Provincial.zip;"válidos 66 866; blancos 3 916; nulos 3 813"
I. Electoral 2022-2026;ERM 2022 – votos de Avanza País (Óscar Mena), exacto;Provincia Cutervo;17430;votos (26,1 %);2022;"ONPE – Resultados por mesa, Elecciones Municipales Provinciales 2022 (datos abiertos; agregado propio)";https://www.datosabiertos.gob.pe/sites/default/files/ERM2022_Municipal_Provincial.zip;"2.º lugar; fortalezas: Callayuc 57,9 %, Sto. Domingo de la Capilla 42,1 %, Pimpingos 33,2 %, San Juan 32,4 %, Cutervo 29,3 %; débil: Toribio Casanova 2,2 %, San Luis 2,4 %, La Ramada 3,8 %, Santa Cruz 6,9 %, Querocotillo 8,0 %"
I. Electoral 2022-2026;Perfiles de cabezas de lista 2026 (hoja de vida JNE);Provincia Cutervo;6 perfiles extraídos;;2026;JNE – Declaraciones Juradas de Hoja de Vida ERM 2026 (vía registro de candidatos);https://votoinformado.jne.gob.pe/candidatos;"APP: J. Delgado (gerente municipal MPC 2025-26); AP: F. Matta (contador/agricultor); C. Renace: S. Fernández (profesor, ex gte. subregional); TCP: G. Rivera (turismo, domicilio en Chorrillos-Lima); RP: J. Terrones (ing. civil, regidor actual); SP 1.er regidor: S. Vásquez (docente). Detalle: datos/fuentes_extraidas/perfiles_rivales_cutervo.json"
