ubigeo;distrito;codigo_local;local_votacion;mesas;electores_2026;votos_emitidos_2v2026;participacion_2v2026;pct_electores_provincia;pct_electores_distrito;centro_poblado_iiee;area_iiee;ie_padron;lat;lon;coord_fuente
060601;Cutervo;1130;IE EMBLEMATICA TORIBIO CASANOVA;22;6456;4565;70.7;5.98;14.8;Cutervo;Urbana;TORIBIO CASANOVA;-6.378980468999941;-78.81791992199999;CCPP Cutervo
060601;Cutervo;1134;IE 10236;21;6279;4189;66.7;5.82;14.4;Cutervo;Urbana;10236;-6.378980468999941;-78.81791992199999;CCPP Cutervo
060601;Cutervo;51276;IE FE Y ALEGRÍA 69 LOCAL ANTIGUO;20;5980;4114;68.8;5.54;13.7;Cutervo;Urbana;FE Y ALEGRIA 69;-6.378980468999941;-78.81791992199999;CCPP Cutervo
060601;Cutervo;1132;IE 10234;15;4485;3094;69.0;4.16;10.3;Cutervo;Urbana;10234;-6.378980468999941;-78.81791992199999;CCPP Cutervo
060614;Socota;1153;IE SAN LORENZO;12;3421;2130;62.3;3.17;42.1;Socota;Urbana;CEBA - SAN LORENZO;-6.3153261719999705;-78.69888866999997;CCPP Socota
060613;Santo Tomás;1152;IE SANTO TOMAS;12;3406;1806;53.0;3.16;53.1;Santo Tomas;Urbana;CEBA - SANTO TOMAS;-6.154449098999976;-78.69109173699997;CCPP Santo Tomas
060607;Querocotillo;1145;IE JUAN ZACARIAS MONTENEGRO;12;3361;1259;37.5;3.11;29.3;Querocotillo;Urbana;JUAN Z.MONTENEGRO;-6.273719794999977;-79.03830396099994;CCPP Querocotillo
060612;Santo Domingo De La Capilla;1151;IE SANTO DOMINGO;11;3144;1858;59.1;2.91;68.0;Santo Domingo De La Capilla;Urbana;SANTO DOMINGO;-6.243565880999938;-78.85550733599996;CCPP Santo Domingo De La Capilla
060601;Cutervo;1131;IE 10235;10;2990;2148;71.8;2.77;6.9;Cutervo;Urbana;10235;-6.378980468999941;-78.81791992199999;CCPP Cutervo
060601;Cutervo;1133;IE CRISTO REY;10;2990;2189;73.2;2.77;6.9;Cutervo;Urbana;CRISTO REY;-6.378980468999941;-78.81791992199999;CCPP Cutervo
060613;Santo Tomás;22532;IE 16378;9;2641;1711;64.8;2.45;41.2;Santo Tomas;Urbana;16378;-6.154449098999976;-78.69109173699997;CCPP Santo Tomas
060602;Callayuc;1138;IE JEC AMAUTA;9;2560;1361;53.2;2.37;33.1;Callayuc;Urbana;AMAUTA;-6.18081852399996;-78.91039958399995;CCPP Callayuc
060605;La Ramada;1142;IE NUESTRA SEÑORA DEL CARMEN;8;2340;1397;59.7;2.17;71.1;La Ramada;Urbana;NUESTRA SEÑORA DEL CARMEN;-6.211894530999928;-78.55615624999996;CCPP La Ramada
060608;San Andrés De Cutervo;22497;IE 10340;8;2275;1304;57.3;2.11;56.7;San Andres De Cutervo;Urbana;10340;-6.239566061999938;-78.71095304199997;CCPP San Andres De Cutervo
060601;Cutervo;1136;IESPP OCTAVIO MATTA CONTRERAS;7;2093;1454;69.5;1.94;4.8;Cutervo;Urbana;OCTAVIO MATTA CONTRERAS;-6.378980468999941;-78.81791992199999;CCPP Cutervo
060601;Cutervo;51275;IEP PREMIUM COLLEGE FOR EXCELENCE;7;2093;1501;71.7;1.94;4.8;Cutervo;Urbana;PREMIUM COLLEGE FOR EXCELLENCE;-6.378980468999941;-78.81791992199999;CCPP Cutervo
060601;Cutervo;51279;IESTP PERUANO DE CIENCIAS EMPRESARIALES;7;2093;1416;67.7;1.94;4.8;Cutervo;Urbana;INSTITUTO PERUANO DE CIENCIAS EMPRESARIALES;-6.378980468999941;-78.81791992199999;CCPP Cutervo
060603;Choros;1140;IE JOSE CARLOS MARIATEGUI;8;2092;1039;49.7;1.94;61.8;Choros;Urbana;JOSE CARLOS MARIATEGUI;-5.90136001299993;-78.69371940699995;CCPP Choros
060607;Querocotillo;6594;IE 10316 LOCAL NUEVO;7;2045;706;34.5;1.89;17.8;Querocotillo;Urbana;10316;-6.273719794999977;-79.03830396099994;CCPP Querocotillo
060606;Pimpingos;1144;IE JEC MANUEL GONZALES PRADA;7;2030;1063;52.4;1.88;42.9;Pimpincos;Urbana;MANUEL GONZALES PRADA;-6.060339301999932;-78.75765285099999;capital distrital (aprox.)
060606;Pimpingos;51283;IE 16415;7;1842;960;52.1;1.71;38.9;Pimpincos;Urbana;16415;-6.060339301999932;-78.75765285099999;capital distrital (aprox.)
060601;Cutervo;53223;IESTP CUTERVO;6;1794;1250;69.7;1.66;4.1;Cutervo;Urbana;CUTERVO;-6.378980468999941;-78.81791992199999;CCPP Cutervo
060602;Callayuc;52742;IE EL CUMBE;7;1773;782;44.1;1.64;23.0;El Cumbe;Rural;EL CUMBE;-6.18081852399996;-78.91039958399995;capital distrital (aprox.)
060614;Socota;1154;IE 10366 LOCAL ANTIGUO;6;1758;1121;63.8;1.63;21.7;Socota;Urbana;10366;-6.3153261719999705;-78.69888866999997;CCPP Socota
060608;San Andrés De Cutervo;1147;IE JOSE CARLOS MARIATEGUI;6;1736;982;56.6;1.61;43.3;San Andres De Cutervo;Urbana;JOSE CARLOS MARIATEGUI;-6.239566061999938;-78.71095304199997;CCPP San Andres De Cutervo
060607;Querocotillo;54377;IE JOSE ANTONIO CHACON BAZAN;5;1494;337;22.6;1.38;13.0;Las Delicias;Rural;JOSE ANTONIO CHACON BAZAN;-6.213230473999943;-79.05317973599995;CCPP Las Delicias
060612;Santo Domingo De La Capilla;9592;IE 10349;5;1480;803;54.3;1.37;32.0;Santo Domingo De La Capilla;Urbana;10349;-6.243565880999938;-78.85550733599996;CCPP Santo Domingo De La Capilla
060611;Santa Cruz;32414;IE CRUZ DE CHALPON;5;1446;819;56.6;1.34;52.3;Santa Cruz;Urbana;CRUZ DE CHALPON;-6.095945312999959;-78.85217382699994;CCPP Santa Cruz
060610;San Luis De Lucma;1149;IE DANIEL ALCIDES CARRION;5;1440;939;65.2;1.33;53.9;San Luis De Lucma;Urbana;DANIEL ALCIDES CARRION;-6.293738231999953;-78.60390823599994;CCPP San Luis De Lucma
060602;Callayuc;1137;IE 10291;5;1430;772;54.0;1.32;18.5;Callayuc;Urbana;10291;-6.18081852399996;-78.91039958399995;CCPP Callayuc
060611;Santa Cruz;50856;IE 16437;5;1319;519;39.3;1.22;47.7;Santa Cruz;Urbana;16437;-6.095945312999959;-78.85217382699994;CCPP Santa Cruz
060610;San Luis De Lucma;22511;IE 10359;5;1231;663;53.9;1.14;46.1;San Luis De Lucma;Urbana;10359;-6.293738231999953;-78.60390823599994;CCPP San Luis De Lucma
060601;Cutervo;1135;IE 10237;4;1196;876;73.2;1.11;2.7;Cutervo;Urbana;10237;-6.378980468999941;-78.81791992199999;CCPP Cutervo
060607;Querocotillo;50080;IE SAN MARCOS;4;1154;612;53.0;1.07;10.1;Sillangate;Rural;SAN MARCOS;-6.208989249999945;-78.99128505499993;CCPP Sillangate
060604;Cujillo;1139;IE 16397;4;1148;619;53.9;1.06;53.8;Cujillo;Urbana;16397;-6.106396926999935;-78.57347654599994;CCPP Cujillo
060615;Toribio Casanova;6768;IE DANIEL ALCIDES CARRION;4;1138;662;58.2;1.05;100.0;La Sacilia;Urbana;DANIEL ALCIDES CARRION;-6.009242778999976;-78.69943945299997;CCPP La Sacilia
060602;Callayuc;52741;IE 10294;4;1130;548;48.5;1.05;14.6;El Cumbe;Rural;10294;-6.18081852399996;-78.91039958399995;capital distrital (aprox.)
060607;Querocotillo;52658;IE 10336;4;1112;631;56.7;1.03;9.7;Sillangate;Rural;10336;-6.208989249999945;-78.99128505499993;CCPP Sillangate
060609;San Juan De Cutervo;22510;IE JEC TIBERIO SANCHEZ VERGARA;4;1038;565;54.4;0.96;54.3;San Juan De Cutervo;Urbana;TIBERIO SANCHEZ VERGARA;-6.1741816409999615;-78.59859570299994;CCPP San Juan De Cutervo
060614;Socota;51287;IE 10366;3;899;409;45.5;0.83;11.1;Socota;Urbana;10366;-6.3153261719999705;-78.69888866999997;CCPP Socota
060605;La Ramada;50866;IE 10308;3;888;438;49.3;0.82;27.0;La Ramada;Urbana;10308;-6.211894530999928;-78.55615624999996;CCPP La Ramada
060601;Cutervo;54134;IE CARLOS MATTA RIVERA;3;880;623;70.8;0.82;2.0;Mamabamba;Urbana;CARLOS MATTA RIVERA;-6.299018086999979;-78.91804644899997;CCPP Mamabamba
060609;San Juan De Cutervo;1148;IE 16432;3;874;553;63.3;0.81;45.7;San Juan De Cutervo;Urbana;16432;-6.1741816409999615;-78.59859570299994;CCPP San Juan De Cutervo
060603;Choros;51512;IE 16404;3;864;341;39.5;0.8;25.5;Choros;Urbana;16404;-5.90136001299993;-78.69371940699995;CCPP Choros
060606;Pimpingos;51284;IE JOSE OLAYA;3;862;307;35.6;0.8;18.2;Casa Blanca;Rural;JOSE OLAYA;-6.068585776999953;-78.81079726399997;CCPP Casa Blanca
060614;Socota;22550;IEI 302;3;843;395;46.9;0.78;10.4;;;;-6.3153261719999705;-78.69888866999997;capital distrital (aprox.)
060602;Callayuc;51021;IE CRISTO REDENTOR;3;830;336;40.5;0.77;10.7;San Juan De Chiple;Rural;CRISTO REDENTOR;-6.039662223999926;-78.94332810999998;CCPP San Juan De Chiple
060604;Cujillo;52561;IE SAN FERNANDO;3;754;324;43.0;0.7;35.3;Cujillo;Urbana;SAN FERNANDO;-6.106396926999935;-78.57347654599994;CCPP Cujillo
060607;Querocotillo;53446;IE SANTA ROSA;3;633;400;63.2;0.59;5.5;Santa Rosa;Urbana;SANTA ROSA;-6.221594136999954;-79.08515691999997;CCPP Santa Rosa
060607;Querocotillo;55050;IE ALFREDO PIEDRA GUERRERO;3;627;385;61.4;0.58;5.5;El Molino;Rural;ALFREDO PIEDRA GUERRERO;-6.131536973999971;-79.05355073599998;CCPP El Molino
060601;Cutervo;52743;IEI 503 SANTA CELIA;2;598;487;81.4;0.55;1.4;;;;-6.378980468999941;-78.81791992199999;capital distrital (aprox.)
060601;Cutervo;52822;IEI 411;2;598;462;77.3;0.55;1.4;;;;-6.378980468999941;-78.81791992199999;capital distrital (aprox.)
060601;Cutervo;52985;IE 10265;2;598;344;57.5;0.55;1.4;Culluna;Rural;10265;-6.369797349999942;-78.83777636199994;CCPP Culluna
060601;Cutervo;53459;CETPRO SANTIAGO ANTUNEZ DE MAYOLO;2;598;362;60.5;0.55;1.4;Cutervo;Urbana;SANTIAGO ANTUNEZ DE MAYOLO;-6.378980468999941;-78.81791992199999;CCPP Cutervo
060601;Cutervo;53251;IE 10271;2;572;410;71.7;0.53;1.3;Sinchimache;Urbana;10271;-6.279988690999971;-78.95844411299998;CCPP Sinchimache
060614;Socota;50081;IE NIÑO DIOS;2;542;395;72.9;0.5;6.7;Churumayo Alto;Rural;NIÑO DIOS;-6.3153261719999705;-78.69888866999997;capital distrital (aprox.)
060607;Querocotillo;52764;IE 18031;2;530;136;25.7;0.49;4.6;Hornopampa;Rural;18031;-6.279749999999979;-79.02327538999998;CCPP Hornopampa
060601;Cutervo;55243;IE JUAN PABLO II;2;462;278;60.2;0.43;1.1;Salabamba;Urbana;JUAN PABLO II;-6.45329101599998;-78.79180468699997;CCPP Salabamba
060603;Choros;54899;IE SECUNDARIA SAN JUAN BAUTISTA;2;430;307;71.4;0.4;12.7;El Rollo;Rural;SAN JUAN BAUTISTA;-5.90136001299993;-78.69371940699995;capital distrital (aprox.)
060614;Socota;55195;IE SAGRADO CORAZON DE JESUS - CCPP CHISIGLE;2;369;268;72.6;0.34;4.5;;;;-6.3153261719999705;-78.69888866999997;capital distrital (aprox.)
060613;Santo Tomás;51286;IE SAN JOSE OBRERO;2;363;281;77.4;0.34;5.7;Tambillo;Rural;SAN JOSE OBRERO;-6.17795614399995;-78.69811764399998;CCPP Tambillo
060601;Cutervo;54332;IE SALOMON VILCHEZ MURGA;2;328;281;85.7;0.3;0.8;Yacancate;Rural;SALOMON VILCHEZ MURGA;-6.41442834999998;-78.88697273699995;CCPP Yacancate
060601;Cutervo;55197;IE 10810 PATAHUAZ;1;287;229;79.8;0.27;0.7;Patahuaz;Urbana;10810;-6.433611328999973;-78.77750585899997;CCPP Patahuaz
060614;Socota;22551;IE 943 LOS AMAUTAS;1;285;147;51.6;0.26;3.5;Sector Los Amautas;Urbana;SECTOR LOS AMAUTAS;-6.3153261719999705;-78.69888866999997;capital distrital (aprox.)
060607;Querocotillo;1146;IE 10316 - LOCAL ANTIGUO;1;272;107;39.3;0.25;2.4;Querocotillo;Urbana;10316;-6.273719794999977;-79.03830396099994;CCPP Querocotillo
060604;Cujillo;53969;IE 16398;1;232;172;74.1;0.21;10.9;El Pago;Rural;16398;-6.163238280999963;-78.55698046799995;CCPP El Pago
060607;Querocotillo;54380;IE 10326;1;230;54;23.5;0.21;2.0;Limapampa;Rural;10326;-6.273719794999977;-79.03830396099994;capital distrital (aprox.)
060601;Cutervo;54372;IE GERARDO GUERRERO GUEVARA;1;197;132;67.0;0.18;0.5;Rambram;Rural;GERARDO GUERRERO GUEVARA;-6.378980468999941;-78.81791992199999;capital distrital (aprox.)
060605;La Ramada;55194;IE 10310 DE LLUSHCAPAMPA;1;64;51;79.7;0.06;1.9;Llushcapampa;Rural;10310;-6.240187499999934;-78.56326367099996;CCPP Llushcapampa
